[
  {
    "viewType": "symbol"
  },
  {
    "snapGrid": [
      10,
      10
    ]
  },
  {
    "type": "line",
    "st": [
      0,
      120
    ],
    "end": [
      0,
      160
    ],
    "loc": [
      0.0,
      0.0
    ],
    "ang": 0.0,
    "fl": [
      1.0,
      1.0
    ]
  },
  {
    "type": "line",
    "st": [
      -100,
      -100
    ],
    "end": [
      100,
      100
    ],
    "loc": [
      0.0,
      0.0
    ],
    "ang": 0.0,
    "fl": [
      1.0,
      1.0
    ]
  },
  {
    "type": "line",
    "st": [
      -100,
      100
    ],
    "end": [
      100,
      -100
    ],
    "loc": [
      0.0,
      0.0
    ],
    "ang": 0.0,
    "fl": [
      1.0,
      1.0
    ]
  },
  {
    "type": "line",
    "st": [
      -120,
      80
    ],
    "end": [
      -80,
      120
    ],
    "loc": [
      0.0,
      0.0
    ],
    "ang": 0.0,
    "fl": [
      1.0,
      1.0
    ]
  },
  {
    "type": "line",
    "st": [
      80,
      120
    ],
    "end": [
      120,
      80
    ],
    "loc": [
      0.0,
      0.0
    ],
    "ang": 0.0,
    "fl": [
      1.0,
      1.0
    ]
  },
  {
    "type": "line",
    "st": [
      80,
      -120
    ],
    "end": [
      120,
      -80
    ],
    "loc": [
      0.0,
      0.0
    ],
    "ang": 0.0,
    "fl": [
      1.0,
      1.0
    ]
  },
  {
    "type": "line",
    "st": [
      -120,
      -80
    ],
    "end": [
      -80,
      -120
    ],
    "loc": [
      0.0,
      0.0
    ],
    "ang": 0.0,
    "fl": [
      1.0,
      1.0
    ]
  },
  {
    "type": "line",
    "st": [
      120,
      -80
    ],
    "end": [
      120,
      80
    ],
    "loc": [
      0.0,
      0.0
    ],
    "ang": 0.0,
    "fl": [
      1.0,
      1.0
    ]
  },
  {
    "type": "line",
    "st": [
      -120,
      -80
    ],
    "end": [
      -120,
      80
    ],
    "loc": [
      0.0,
      0.0
    ],
    "ang": 0.0,
    "fl": [
      1.0,
      1.0
    ]
  },
  {
    "type": "line",
    "st": [
      -80,
      120
    ],
    "end": [
      80,
      120
    ],
    "loc": [
      0.0,
      0.0
    ],
    "ang": 0.0,
    "fl": [
      1.0,
      1.0
    ]
  },
  {
    "type": "line",
    "st": [
      -80,
      -120
    ],
    "end": [
      80,
      -120
    ],
    "loc": [
      0.0,
      0.0
    ],
    "ang": 0.0,
    "fl": [
      1.0,
      1.0
    ]
  },
  {
    "type": "pin",
    "st": [
      0,
      160
    ],
    "nam": "pad",
    "pd": "Inout",
    "pt": "Signal",
    "loc": [
      0.0,
      0.0
    ],
    "ang": 0.0,
    "fl": [
      1.0,
      1.0
    ]
  },
  {
    "type": "label",
    "st": [
      40,
      -120
    ],
    "nam": "@instName",
    "def": "[@instName]",
    "txt": "[@instName]",
    "val": "",
    "vis": true,
    "lt": "NLPLabel",
    "ht": 16,
    "al": "Left",
    "or": "R0",
    "use": "Normal",
    "loc": [
      40.0,
      -120.0
    ],
    "fl": [
      1,
      1
    ]
  },
  {
    "type": "label",
    "st": [
      -20,
      -40
    ],
    "nam": "@modelName",
    "def": "[@modelName]",
    "txt": "[@modelName]",
    "val": "",
    "vis": true,
    "lt": "NLPLabel",
    "ht": "12",
    "al": "Left",
    "or": "R0",
    "use": "Normal",
    "loc": [
      -50.0,
      -100.0
    ],
    "fl": [
      1,
      1
    ]
  },
  {
    "type": "label",
    "st": [
      -20,
      -40
    ],
    "nam": "@pad",
    "def": "pad",
    "txt": "pad",
    "val": "pad",
    "vis": true,
    "lt": "Normal",
    "ht": "16",
    "al": "Left",
    "or": "R0",
    "use": "Normal",
    "loc": [
      -10.0,
      -50.0
    ],
    "fl": [
      1,
      1
    ]
  },
  {
    "type": "attr",
    "nam": "SpiceNetlistLine",
    "def": "%spiceprefix@instName %pinOrder %modelName"
  },
  {
    "type": "attr",
    "nam": "modelName",
    "def": "bondpad"
  },
  {
    "type": "attr",
    "nam": "spiceprefix",
    "def": "X"
  },
  {
    "type": "attr",
    "nam": "pinOrder",
    "def": "pad"
  }
]