[
  {
    "viewType": "symbol"
  },
  {
    "snapGrid": [
      10,
      10
    ]
  },
  {
    "type": "rect",
    "rect": [
      -160.0,
      -200.0,
      278.0,
      200.0
    ],
    "loc": [
      0.0,
      0.0
    ],
    "ang": 0.0,
    "fl": [
      1.0,
      1.0
    ]
  },
  {
    "type": "line",
    "st": [
      0,
      -40
    ],
    "end": [
      80,
      -120
    ],
    "loc": [
      0.0,
      0.0
    ],
    "ang": 0.0,
    "fl": [
      1.0,
      1.0
    ]
  },
  {
    "type": "line",
    "st": [
      0,
      40
    ],
    "end": [
      35,
      75
    ],
    "loc": [
      0.0,
      0.0
    ],
    "ang": 0.0,
    "fl": [
      1.0,
      1.0
    ]
  },
  {
    "type": "line",
    "st": [
      -80,
      0
    ],
    "end": [
      0,
      0
    ],
    "loc": [
      0.0,
      0.0
    ],
    "ang": 0.0,
    "fl": [
      1.0,
      1.0
    ]
  },
  {
    "type": "line",
    "st": [
      0,
      -120
    ],
    "end": [
      0,
      120
    ],
    "loc": [
      0.0,
      0.0
    ],
    "ang": 0.0,
    "fl": [
      1.0,
      1.0
    ]
  },
  {
    "type": "polygon",
    "ps": [
      [
        80.0,
        120.0
      ],
      [
        55.0,
        55.0
      ],
      [
        15.0,
        95.0
      ],
      [
        80.0,
        120.0
      ]
    ],
    "fl": [
      1.0,
      1.0
    ]
  },
  {
    "type": "polygon",
    "ps": [
      [
        80.0,
        120.0
      ],
      [
        55.0,
        55.0
      ],
      [
        15.0,
        95.0
      ],
      [
        80.0,
        120.0
      ]
    ],
    "fl": [
      1.0,
      1.0
    ]
  },
  {
    "type": "label",
    "st": [
      100,
      -140
    ],
    "nam": "@instName",
    "def": "[@instName]",
    "txt": "[@instName]",
    "val": "",
    "vis": true,
    "lt": "NLPLabel",
    "ht": 12,
    "al": "Left",
    "or": "R0",
    "use": "Normal",
    "loc": [
      100.0,
      -140.0
    ],
    "fl": [
      1,
      1
    ]
  },
  {
    "type": "pin",
    "st": [
      280,
      0
    ],
    "nam": "T",
    "pd": "In",
    "pt": "Signal",
    "loc": [
      0.0,
      0.0
    ],
    "ang": 0.0,
    "fl": [
      1.0,
      1.0
    ]
  },
  {
    "type": "pin",
    "st": [
      200,
      200
    ],
    "nam": "S",
    "pd": "In",
    "pt": "Signal",
    "loc": [
      0.0,
      0.0
    ],
    "ang": 0.0,
    "fl": [
      1.0,
      1.0
    ]
  },
  {
    "type": "pin",
    "st": [
      80,
      200
    ],
    "nam": "E",
    "pd": "Inout",
    "pt": "Signal",
    "loc": [
      0.0,
      0.0
    ],
    "ang": 0.0,
    "fl": [
      1.0,
      1.0
    ]
  },
  {
    "type": "pin",
    "st": [
      -160,
      0
    ],
    "nam": "B",
    "pd": "In",
    "pt": "Signal",
    "loc": [
      0.0,
      0.0
    ],
    "ang": 0.0,
    "fl": [
      1.0,
      1.0
    ]
  },
  {
    "type": "pin",
    "st": [
      80,
      -200
    ],
    "nam": "C",
    "pd": "Inout",
    "pt": "Signal",
    "loc": [
      0.0,
      0.0
    ],
    "ang": 0.0,
    "fl": [
      1.0,
      1.0
    ]
  },
  {
    "type": "label",
    "st": [
      300,
      -130
    ],
    "nam": "@Nx",
    "def": "[@Nx:Nx=%:Nx=1]",
    "txt": "[@Nx:Nx=%:Nx=1]",
    "val": "",
    "vis": true,
    "lt": "NLPLabel",
    "ht": 12,
    "al": "Left",
    "or": "R0",
    "use": "Normal",
    "loc": [
      100.0,
      -110.0
    ],
    "fl": [
      1,
      1
    ]
  },
  {
    "type": "label",
    "st": [
      -40,
      -80
    ],
    "nam": "@modelName",
    "def": "[@modelName]",
    "txt": "[@modelName]",
    "val": "",
    "vis": true,
    "lt": "NLPLabel",
    "ht": 12,
    "al": "Left",
    "or": "R0",
    "use": "Normal",
    "loc": [
      -30.0,
      -110.0
    ],
    "fl": [
      1,
      1
    ]
  },
  {
    "type": "attr",
    "nam": "SpiceNetlistLine",
    "def": "%spiceprefix@instName %pinOrder %modelName le=900e-9 we=70.0n m=@Nx"
  },
  {
    "type": "attr",
    "nam": "modelName",
    "def": "npn13G2_5t"
  },
  {
    "type": "attr",
    "nam": "spiceprefix",
    "def": "X"
  },
  {
    "type": "attr",
    "nam": "pinOrder",
    "def": "C, B, E, S, T"
  }
]