{
  "Parameters": {
    "isolbox_model": "isolbox",
    "isolbox_raspec": "1000.0",
    "isolbox_rpspec": "2000.0",
    "isolbox_minLW": "0.99u",
    "isolbox_maxLW": "9.99m",
    "isolbox_defLW": "3u",
    "isolbox_defS": "4",
    "rsil_model": "res_rsil",
    "rsil_rspec": "7.0",
    "rsilG2_model": "res_rsil",
    "rsilG2_rspec": "7.0",
    "rsil_rkspec": "0.0",
    "rsil_rzspec": "4.5e-6",
    "rsil_ipspec": "2e3",
    "rsil_lwd": "0.04u",
    "rsilG2_lwd": "0.01u",
    "rsilG2_ikspec": "0.11m",
    "rsilG2_ipspec": "2e3",
    "rsilG2C_ikspec": "0.11m",
    "rsilG2C_ipspec": "2e3",
    "rsilG2C_lwd": "0.01u",
    "rsilG3_lwd": "0.016u",
    "rsil_tc1": "3100e-6",
    "rsil_tc2": "0.3e-6",
    "rsil_rztc1": "1300e-6",
    "rsil_defL": "0.50u",
    "rsil_defW": "0.50u",
    "rsil_defB": "0",
    "rsil_defPS": "0.18u",
    "rsil_minL": "0.50u",
    "rsil_minW": "0.50u",
    "rsil_minB": "0",
    "rsil_minPS": "0.18u",
    "rsil_maxL": "1m",
    "rsil_maxW": "1m",
    "rsil_maxB": "100",
    "rsil_maxPS": "9.99u",
    "rsil_kappa": "1.85",
    "rsil_met_over_cont": 0.03,
    "rsil_cont_to_body": 0.12,
    "rsil_poly_cont_len": "techParam(\"Rsil_b\")+techParam(\"Cnt_a\")+techParam(\"Cnt_d\")",
    "rpnd_model": "res_rpnd",
    "rpnd_rspec": "339.0",
    "rpnd_rkspec": "14.0",
    "rpnd_rzspec": "4.6e-5",
    "rpnd_ikspec": "0.30m",
    "rpnd_ipspec": "5e2",
    "rpnd_lwd": "-0.040u",
    "rpnd_tc1": "3100e-6",
    "rpnd_tc2": "0.3e-6",
    "rpnd_rztc1": "1300e-6",
    "rpnd_defL": "0.50u",
    "rpnd_defW": "0.50u",
    "rpnd_defB": "0",
    "rpnd_defPS": "0.18u",
    "rpnd_minL": "0.50u",
    "rpnd_minW": "0.50u",
    "rpnd_minB": "0",
    "rpnd_minPS": "0.18u",
    "rpnd_maxL": "1m",
    "rpnd_maxW": "1m",
    "rpnd_maxB": "100",
    "rpnd_maxPS": "9.99u",
    "rpnd_met_over_cont": 0.03,
    "rpnd_cont_to_body": 0.2,
    "rpnd_poly_cont_len": "techParam(\"Cnt_a\")+techParam(\"Cnt_d\")",
    "rppd_model": "res_rppd",
    "rppd_rspec": "250.0",
    "rppdG2_model": "res_rppd",
    "rppdG2_rspec": "260.0",
    "rppd_rkspec": "0.0",
    "rppdG2C_rkspec": "0.0",
    "rppd_rzspec": "35e-6",
    "rppdG2C_rzspec": "35e-6",
    "rppdG2_ikspec": "0.30m",
    "rppdG2_ipspec": "1.2e3",
    "rppdG2C_ikspec": "0.30m",
    "rppdG2C_ipspec": "1.2e3",
    "rppd_lwd": "0.02u",
    "rppdG2_lwd": "0.006u",
    "rppdG2C_lwd": "0.006u",
    "rppdG3_lwd": "0.0u",
    "rppd_tc1": "170e-6",
    "rppd_tc2": "0.4e-6",
    "rppd_rztc1": "-950e-6",
    "rppd_defL": "0.50u",
    "rppd_defW": "0.50u",
    "rppd_defB": "0",
    "rppd_defPS": "0.18u",
    "rppd_minL": "0.50u",
    "rppd_cryo_minL": "0.50u",
    "rppd_minW": "0.50u",
    "rppd_cryo_minW": "0.50u",
    "rppd_minB": "0",
    "rppd_cryo_minB": "0",
    "rppd_minPS": "0.18u",
    "rppd_cryo_minPS": "0.18u",
    "rppd_maxL": "1m",
    "rppd_cryo_maxL": "1m",
    "rppd_maxW": "1m",
    "rppd_cryo_maxW": "1m",
    "rppd_maxB": "100",
    "rppd_cryo_maxB": "100",
    "rppd_maxPS": "9.99u",
    "rppd_cryo_maxPS": "9.99u",
    "rppd_kappa": "1.85",
    "rppd_met_over_cont": 0.07,
    "rppd_cont_to_body": 0.2,
    "rppd_poly_cont_len": "techParam(\"Cnt_a\")+techParam(\"Cnt_d\")",
    "rhigh_model": "res_rhigh",
    "rhigh_rspec": "1300.0",
    "rhighG2_model": "res_rhigh",
    "rhighG2_rspec": "1360.0",
    "rhigh_rkspec": "0.0",
    "rhighG2C_rkspec": "0.0",
    "rhigh_rzspec": "80e-6",
    "rhighG2C_rzspec": "80e-6",
    "rhighG2_ikspec": "0.30m",
    "rhighG2_ipspec": "600.0",
    "rhighG2C_ikspec": "0.30m",
    "rhighG2C_ipspec": "600.0",
    "rhigh_lwd": "-0.04u",
    "rhighG2_lwd": "-0.04u",
    "rhighG2C_lwd": "-0.04u",
    "rhighG3_lwd": "-0.04u",
    "rhigh_tc1": "-2300e-6",
    "rhigh_tc2": "2.1e-6",
    "rhigh_rztc1": "1300e-6",
    "rhigh_defL": "0.96u",
    "rhigh_defW": "0.50u",
    "rhigh_defB": "0",
    "rhigh_defPS": "0.18u",
    "rhigh_minL": "0.96u",
    "rhigh_cryo_minL": "0.96u",
    "rhigh_minW": "0.50u",
    "rhigh_cryo_minW": "0.50u",
    "rhighG2C_minW": "0.50u",
    "rhigh_minB": "0",
    "rhigh_cryo_minB": "0",
    "rhigh_minPS": "0.18u",
    "rhigh_cryo_minPS": "0.18u",
    "rhigh_maxL": "1m",
    "rhigh_cryo_maxL": "1m",
    "rhigh_maxW": "1m",
    "rhigh_cryo_maxW": "1m",
    "rhigh_maxB": "100",
    "rhigh_cryo_maxB": "100",
    "rhigh_maxPS": "9.99u",
    "rhigh_cryo_maxPS": "9.99u",
    "rhigh_kappa": "1.85",
    "rhigh_met_over_cont": 0.03,
    "rhigh_cont_to_body": 0.2,
    "rhigh_poly_cont_len": "techParam(\"Cnt_a\")+techParam(\"Cnt_d\")",
    "npn13v_minLE": "1.0u",
    "npn13v_maxLE": "5.0u",
    "npn13v_minWE": "0.18u",
    "npn13v_maxWE": "0.18u",
    "npn13v_minNx": "1",
    "npn13v_maxNx": "8",
    "npn13v_minNy": "1",
    "npn13v_maxNy": "1",
    "npn13v_model": "npn13v",
    "npn13v_defNX": "1",
    "npn13v_defLE": "1.0u",
    "npn13v2_minLE": "1.0u",
    "npn13v2_maxLE": "5.0u",
    "npn13v2_minWE": "0.18u",
    "npn13v2_maxWE": "0.18u",
    "npn13v2_minNx": "1",
    "npn13v2_maxNx": "8",
    "npn13v2_minNy": "1",
    "npn13v2_maxNy": "1",
    "npn13v2_model": "npn13v",
    "npn13v2_defNX": "1",
    "npn13v2_defLE": "1.0u",
    "npn13p_minLE": "0.48u",
    "npn13p_maxLE": "0.84u",
    "npn13p_minWE": "0.12u",
    "npn13p_maxWE": "0.12u",
    "npn13p_minNx": "1",
    "npn13p_maxNx": "8",
    "npn13p_minNy": "1",
    "npn13p_maxNy": "1",
    "npn13p_model": "npn13p",
    "npn13p_defNX": "1",
    "npn13p_defLE": "0.48u",
    "npn13pl_minLE": "1u",
    "npn13pl_maxLE": "2u",
    "npn13pl_minWE": "1.0u",
    "npn13pl_maxWE": "5.0u",
    "npn13pl_minNx": "1",
    "npn13pl_maxNx": "4",
    "npn13pl_minNy": "1",
    "npn13pl_maxNy": "1",
    "npn13pl_model": "npn13pl",
    "npn13pl_defNX": "1",
    "npn13pl_defLE": "1u",
    "npn13pl_defWE": "0.12u",
    "npn13pl2_minLE": "1u",
    "npn13pl2_maxLE": "2u",
    "npn13pl2_minWE": "0.12u",
    "npn13pl2_maxWE": "0.12u",
    "npn13pl2_minNx": "1",
    "npn13pl2_maxNx": "8",
    "npn13pl2_minNy": "1",
    "npn13pl2_maxNy": "1",
    "npn13pl2_model": "npn13pl",
    "npn13pl2_defNX": "1",
    "npn13pl2_defLE": "1u",
    "npn13pl2_defWE": "0.12u",
    "npn13G2_minLE": "0.07u",
    "npn13G2_maxLE": "0.07u",
    "npn13G2_minWE": "0.9u",
    "npn13G2_maxWE": "0.9u",
    "npn13G2_minNX": "1",
    "npn13G2_maxNX": "10",
    "npn13G2_minNY": "1",
    "npn13G2_maxNY": "1",
    "npn13G2_model": "npn13G2",
    "npn13G2_defNX": "1",
    "npn13G2_defLE": "0.07u",
    "npn13G2L_minLE": "0.07u",
    "npn13G2L_maxLE": "0.07u",
    "npn13G2L_minWE": "0.9u",
    "npn13G2L_maxWE": "0.9u",
    "npn13G2L_minNX": "1",
    "npn13G2L_maxNX": "10",
    "npn13G2L_minNY": "1",
    "npn13G2L_maxNY": "1",
    "npn13G2L_model": "npn13G2l",
    "npn13G2L_defNX": "1",
    "npn13G2L_defLE": "0.07u",
    "npn13G2V_minLE": "0.07u",
    "npn13G2V_maxLE": "0.07u",
    "npn13G2V_minWE": "0.9u",
    "npn13G2V_maxWE": "0.9u",
    "npn13G2V_minNX": "1",
    "npn13G2V_maxNX": "10",
    "npn13G2V_minNY": "1",
    "npn13G2V_maxNY": "1",
    "npn13G2V_model": "npn13G2v",
    "npn13G2V_defNX": "1",
    "npn13G2V_defLE": "0.07u",
    "npn13D6_minLE": "0.07u",
    "npn13D6_maxLE": "0.07u",
    "npn13D6_minWE": "0.9u",
    "npn13D6_maxWE": "0.9u",
    "npn13D6_minNX": "1",
    "npn13D6_maxNX": "8",
    "npn13D6_minNY": "1",
    "npn13D6_maxNY": "1",
    "npn13D6_model": "npn13D6",
    "npn13D6_defNX": "1",
    "npn13D6_defLE": "0.07u",
    "npnMPA_model": "npnMPA",
    "npnMPA_defLE": "0.9u",
    "npnMPA_defWE": "3.0u",
    "npnMPA_defNX": "1",
    "npnMPA_defNY": "1",
    "npnMPA_minLE": "0.9u",
    "npnMPA_minWE": "3.0u",
    "npnMPA_minNX": "1",
    "npnMPA_minNY": "1",
    "npnMPA_maxLE": "0.9m",
    "npnMPA_maxWE": "100u",
    "npnMPA_maxNX": "1",
    "npnMPA_maxNY": "1",
    "nmos_model": "sg13_lv_nmos",
    "nmos_defW": "0.15u",
    "nmos_defL": "0.13u",
    "nmos_defNG": "1",
    "nmos_maxNG": "100",
    "nmos_minW": "0.15u",
    "nmos_minL": "0.13u",
    "nmos_maxW": "10u",
    "nmos_maxL": "10u",
    "pmos_model": "pmos",
    "pmos_defW": "0.15u",
    "pmos_defL": "0.13u",
    "pmos_defNG": "1",
    "pmos_maxNG": "100",
    "pmos_maxW": "10u",
    "pmos_maxL": "10u",
    "pmos_minW": "0.15u",
    "pmos_minL": "0.13u",
    "nmosHV_model": "sg13_hv_nmos",
    "nmosHV_defW": "0.60u",
    "nmosHV_defNG": "1",
    "nmosHV_maxNG": "100",
    "nmosHV_maxW": "10u",
    "nmosHV_maxL": "10u",
    "nmosHV_minW": "0.30u",
    "nmosHV_minL": "0.45u",
    "nmosHV_defL": "0.45u",
    "pmosHV_model": "sg13_hv_pmos",
    "pmosHV_defW": "0.30u",
    "pmosHV_defNG": "1",
    "pmosHV_maxNG": "100",
    "pmosHV_maxW": "10u",
    "pmosHV_maxL": "10u",
    "pmosHV_minW": "0.30u",
    "pmosHV_minL": "0.40u",
    "pmosHV_defL": "0.40u",
    "ptap_raspec": "0.980n",
    "ptap_rpspec": "0.980m",
    "ptap_defW": "0.78u",
    "ptap_defL": "0.78u",
    "ptap_minLW": "0.78u",
    "ptap_maxLW": "10m",
    "ptap1_raspec": "0.980n",
    "ptap1_rpspec": "0.980m",
    "ptap1_defW": "0.78u",
    "ptap1_defL": "0.78u",
    "ptap1_minLW": "0.78u",
    "ptap1_maxLW": "10000m",
    "ntap_raspec": "0.980n",
    "ntap_rpspec": "0.980m",
    "ntap_defW": "0.78u",
    "ntap_defL": "0.78u",
    "ntap_minLW": "0.78u",
    "ntap_maxLW": "10m",
    "ntap1_raspec": "0.980n",
    "ntap1_rpspec": "0.980m",
    "ntap1_defW": "0.78u",
    "ntap1_defL": "0.78u",
    "ntap1_minLW": "0.78u",
    "ntap1_maxLW": "10m",
    "dantenna_model": "dantenna",
    "dantenna_defL": "0.78u",
    "dantenna_minL": "0.48u",
    "dantenna_maxL": "1m",
    "dantenna_defW": "0.78u",
    "dantenna_minW": "0.48u",
    "dantenna_maxW": "1m",
    "dantenna_dov": "0.02u",
    "dpantenna_model": "dpantenna",
    "dpantenna_defL": "0.78u",
    "dpantenna_minL": "0.48u",
    "dpantenna_maxL": "1m",
    "dpantenna_defW": "0.78u",
    "dpantenna_minW": "0.48u",
    "dpantenna_maxW": "1m",
    "dpantenna_dov": "0.02u",
    "pnpMPA_model": "pnpMPA",
    "pnpMPA_defL": "2.0u",
    "pnpMPA_minL": "680.0n",
    "pnpMPA_maxL": "1.0m",
    "pnpMPA_defW": "700.0n",
    "pnpMPA_minW": "300.0n",
    "pnpMPA_maxW": "2.0u",
    "pdnw_model": "pdnw",
    "pdnw_defL": "1.5u",
    "pdnw_minL": "1.5u",
    "pdnw_maxL": "1m",
    "pdnw_defW": "1.5u",
    "pdnw_minW": "1.5u",
    "pdnw_maxW": "1m",
    "dnw2_model": "dnw",
    "dnw2_defL": "240n",
    "dnw2_minL": "1n",
    "dnw2_maxL": "1u",
    "dnw2_defW": "330n",
    "dnw2_minW": "1n",
    "dnw2_maxW": "1u",
    "dpsd_model": "dpsd",
    "dpsd_defL": "0.78u",
    "dpsd_minL": "0.78u",
    "dpsd_maxL": "1m",
    "dpsd_defW": "0.78u",
    "dpsd_minW": "0.78u",
    "dpsd_maxW": "1m",
    "Schottky_NW_model": "Schottky_NW",
    "Schottky_NW_defL": "0.48u",
    "Schottky_NW_defW": "9.99u",
    "Schottky_NW_minL": "0.48u",
    "Schottky_NW_minW": "3.0u",
    "Schottky_NW_maxL": "0.48u",
    "Schottky_NW_maxW": "100.0u",
    "dpin_model": "dpin",
    "dpin_defL": "1.50u",
    "dpin_minL": "1u",
    "dpin_maxL": "10u",
    "dpin_defNx": "1",
    "dpin_minNx": "1",
    "dpin_maxNx": "10",
    "dpin_defW": "0.30u",
    "dpin_minW": "0.30u",
    "dpin_maxW": "0.30u",
    "dschottky_model": "dschottky",
    "dschottky_defL": "1.5u",
    "dschottky_minL": "1.0u",
    "dschottky_maxL": "10.0u",
    "dschottky_defNx": "1",
    "dschottky_minNx": "1",
    "dschottky_maxNx": "10",
    "dschottky_defW": "0.3u",
    "dschottky_minW": "0.3u",
    "dschottky_maxW": "0.3u",
    "schottky_nbl1_model": "dschottky_nbl1",
    "schottky_nbl1_defL": "1.u",
    "schottky_nbl1_minL": "1.0u",
    "schottky_nbl1_maxL": "1.0u",
    "schottky_nbl1_defNx": "1",
    "schottky_nbl1_minNx": "1",
    "schottky_nbl1_maxNx": "10",
    "schottky_nbl1_defW": "0.3u",
    "schottky_nbl1_minW": "0.3u",
    "schottky_nbl1_maxW": "0.3u",
    "schottky_nw1_model": "SG13_dschottky_nw",
    "schottky_nw1_defL": "1.u",
    "schottky_nw1_minL": "1.0u",
    "schottky_nw1_maxL": "1.0u",
    "schottky_nw1_defNx": "1",
    "schottky_nw1_minNx": "1",
    "schottky_nw1_maxNx": "10",
    "schottky_nw1_defW": "0.3u",
    "schottky_nw1_minW": "0.3u",
    "schottky_nw1_maxW": "0.3u",
    "MVaricap_model": "MVaricap",
    "MVaricap_defNx": "3",
    "MVaricap_defNy": "10",
    "MVaricap_minNx": "1",
    "MVaricap_minNy": "4",
    "MVaricap_maxNx": "10",
    "MVaricap_maxNy": "10",
    "SVaricap_model": "sg13_hv_svaricap",
    "SVaricap_defL": "0.3u",
    "SVaricap_defW": "3.74u",
    "SVaricap_defNx": "1",
    "rfnmos_model": "sg13_lv_nmos",
    "rfnmos_defW": "1u",
    "rfnmos_defL": "0.72u",
    "rfnmos_defNG": "1",
    "rfnmos_maxNG": "40",
    "rfnmos_maxW": "10u",
    "rfnmos_maxL": "10u",
    "rfnmos_minW": "0.15u",
    "rfnmos_minL": "0.13u",
    "rfnmosHV_model": "sg13_hv_nmos",
    "rfnmosHV_defW": "1u",
    "rfnmosHV_defNG": "1",
    "rfnmosHV_maxNG": "40",
    "rfnmosHV_maxW": "10u",
    "rfnmosHV_maxL": "10u",
    "rfnmosHV_minW": "0.33u",
    "rfnmosHV_defL": "0.72u",
    "rfnmosHV_minL": "0.45u",
    "iso_nmos_model": "sg13_lv_iso_nmos",
    "iso_nmos_defW": "0.15u",
    "iso_nmos_defL": "0.13u",
    "iso_nmos_defNG": "1",
    "iso_nmos_maxNG": "40",
    "iso_nmos_maxW": "10u",
    "iso_nmos_maxL": "10u",
    "iso_nmos_minW": "0.15u",
    "iso_nmos_minL": "0.13u",
    "iso_nmosHV_model": "sg13_hv_iso_nmos",
    "iso_nmosHV_defW": "0.3u",
    "iso_nmosHV_defNG": "1",
    "iso_nmosHV_maxNG": "40",
    "iso_nmosHV_maxW": "10u",
    "iso_nmosHV_maxL": "10u",
    "iso_nmosHV_minW": "0.33u",
    "iso_nmosHV_defL": "0.33u",
    "iso_nmosHV_minL": "0.45u",
    "rfpmos_model": "sg13_lv_pmos",
    "rfpmos_defW": "1u",
    "rfpmos_defL": "0.72u",
    "rfpmos_defNG": "1",
    "rfpmos_maxNG": "40",
    "rfpmos_maxW": "10u",
    "rfpmos_maxL": "10u",
    "rfpmos_minW": "0.15u",
    "rfpmos_minL": "0.13u",
    "rfpmosHV_model": "sg13_hv_pmos",
    "rfpmosHV_defW": "1u",
    "rfpmosHV_defNG": "1",
    "rfpmosHV_maxNG": "40",
    "rfpmosHV_maxW": "10u",
    "rfpmosHV_maxL": "10u",
    "rfpmosHV_minW": "0.39u",
    "rfpmosHV_defL": "0.72u",
    "rfpmosHV_minL": "0.4u",
    "pn_nw_model": "pn_nw",
    "pn_nw_defL": "0.63u",
    "pn_nw_minL": "0.63u",
    "pn_nw_maxL": "0.63u",
    "pn_nw_defW": "3.00u",
    "pn_nw_minW": "1.00u",
    "pn_nw_maxW": "10.00u",
    "epsilon1": 0.001,
    "epsilon2": 1e-09,
    "grid": 0.005,
    "CDFVersion": "8",
    "cmim_model": "cap_cmim",
    "cmim_caspec": "1.5m",
    "cmim_cpspec": "40p",
    "cmim_lwd": "0.01u",
    "cmim_defLW": "6.99u",
    "cmim_minLW": "1.14u",
    "cmim_maxLW": "1m",
    "cmim_minC": "1f",
    "cmim_maxC": "8p",
    "M1_a": 0.16,
    "M1_b": 0.18,
    "M1_c": 0.0,
    "M1_c1": 0.05,
    "M1_d": 0.09,
    "M1_e": 0.22,
    "M1_e_w": 0.3,
    "M1_e_cr": 1.0,
    "M1_f": 0.6,
    "M1_f_w": 10.0,
    "M1_f_cr": 10.0,
    "M1_g": 0.2,
    "M1_g_min": 0.5,
    "M1_i": 0.22,
    "M1_j": 0.35,
    "M1_k": 0.6,
    "Cnt_a": 0.16,
    "Cnt_b": 0.18,
    "Cnt_b1": 0.2,
    "Cnt_b1_nr": 4,
    "Cnt_c": 0.07,
    "Cnt_d": 0.07,
    "Cnt_e": 0.14,
    "Cnt_f": 0.11,
    "Cnt_g1": 0.09,
    "Cnt_g2": 0.09,
    "CntB_a": 0.16,
    "CntB_a1": 0.34,
    "CntB_b": 0.28,
    "CntB_b1": 0.36,
    "CntB_b1_l": 5.0,
    "CntB_b2": 0.22,
    "CntB_c": 0.07,
    "CntB_d": 0.07,
    "CntB_d1": 0.0,
    "CntB_e": 0.14,
    "CntB_f": 0.11,
    "CntB_g1": 0.09,
    "CntB_g2": 0.09,
    "CntB_h1": 0.05,
    "pSD_a": 0.31,
    "pSD_b": 0.31,
    "pSD_c": 0.18,
    "pSD_c1": 0.03,
    "pSD_d": 0.18,
    "pSD_d1": 0.03,
    "pSD_e": 0.3,
    "pSD_f": 0.3,
    "pSD_g": 0.09,
    "pSD_h": 0.31,
    "pSD_h1": 0.31,
    "pSD_i": 0.3,
    "pSD_i1": 0.4,
    "pSD_j": 0.3,
    "pSD_j1": 0.4,
    "pSD_k": 0.25,
    "pSD_l": 0.25,
    "pSD_m": 0.18,
    "pSD_n": 0.18,
    "NW_a": 0.62,
    "NW_a1": 1.8,
    "NW_b": 0.62,
    "NW_b1": 1.8,
    "NW_c": 0.31,
    "NW_c1": 0.62,
    "NW_d": 0.31,
    "NW_d1": 0.62,
    "NW_e": 0.24,
    "NW_e1": 0.62,
    "NW_f": 0.24,
    "NW_f1": 0.62,
    "NW_NBL": 1.0,
    "Gat_a": 0.13,
    "Gat_a1": 0.13,
    "Gat_a2": 0.13,
    "Gat_a3": 0.45,
    "Gat_a4": 0.4,
    "Gat_b": 0.18,
    "Gat_b1": 0.25,
    "Gat_c": 0.18,
    "Gat_d": 0.07,
    "Gat_e": 0.09,
    "Gat_g": 0.16,
    "Gat_g_min": 0.39,
    "TGO_a": 0.27,
    "TGO_b": 0.27,
    "TGO_c": 0.34,
    "TGO_d": 0.34,
    "TGO_e": 0.86,
    "TGO_f": 0.86,
    "Mim_a": 1.14,
    "Mim_b": 0.6,
    "Mim_c": 0.6,
    "Mim_d": 0.36,
    "Mim_e": 0.6,
    "Mim_f": 1.3,
    "Mim_g": 5625.0,
    "TV1_a": 0.42,
    "TV1_b": 0.42,
    "TV1_c": 0.1,
    "TV1_d": 0.42,
    "Rsil_a": 0.5,
    "Rsil_b": 0.12,
    "Rsil_c": 0.0,
    "Rsil_d": 0.18,
    "Rsil_e": 0.18,
    "Rsil_f": 0.5
  },
  "Layers": {
    "Activ": "1, 0",
    "Activ.drawing": "1, 1",
    "Activ.label": "1, 2",
    "Activ.pin": "1, 3",
    "Activ.net": "1, 4",
    "Activ.boundary": "1, 5",
    "Activ.lvs": "1, 6",
    "Activ.mask": "1, 7",
    "Activ.filler": "1, 8",
    "Activ.nofill": "1, 9",
    "Activ.OPC": "1, 10",
    "Activ.iOPC": "1, 11",
    "Activ.noqrc": "1, 12",
    "GatPoly": "5, 0",
    "GatPoly.drawing": "5, 1",
    "GatPoly.track": "5, 2",
    "GatPoly.label": "5, 3",
    "GatPoly.pin": "5, 4",
    "GatPoly.net": "5, 5",
    "GatPoly.boundary": "5, 6",
    "GatPoly.filler": "5, 7",
    "GatPoly.nofill": "5, 8",
    "GatPoly.OPC": "5, 9",
    "GatPoly.iOPC": "5, 10",
    "GatPoly.noqrc": "5, 11",
    "Cont": "6, 0",
    "Cont.drawing": "6, 0",
    "Cont.grid": "6, 2",
    "Cont.blockage": "6, 3",
    "Cont.net": "6, 4",
    "Cont.boundary": "6, 5",
    "Cont.OPC": "6, 6",
    "nSD": "7, 0",
    "nSD.drawing": "7, 0",
    "nSD.block": "7, 1",
    "Metal1": "8, 0",
    "Metal1.drawing": "8, 0",
    "Metal1.label": "8, 1",
    "Metal1.pin": "8, 2",
    "Metal1.net": "8, 3",
    "Metal2": "10, 0",
    "Metal2.drawing": "10, 0",
    "Metal2.track": "10, 1",
    "Metal2.grid": "10, 2",
    "Metal2.blockage": "10, 3",
    "Metal2.label": "10, 4",
    "Metal2.pin": "10, 5",
    "Metal2.net": "10, 6",
    "Metal2.boundary": "10, 7",
    "Metal2.mask": "10, 8",
    "Metal2.filler": "10, 9",
    "Metal2.nofill": "10, 10",
    "Metal2.slit": "10, 11",
    "Metal2.text": "10, 12",
    "Metal2.OPC": "10, 13",
    "Metal2.noqrc": "10, 14",
    "Metal2.res": "10, 15",
    "Metal2.iprobe": "10, 16",
    "Metal2.diffprb": "10, 17",
    "pSD": "14, 0",
    "pSD.drawing": "14, 0",
    "Via1": "19, 0",
    "Via1.drawing": "19, 0",
    "Via1.grid": "19, 1",
    "Via1.blockage": "19, 2",
    "Via1.net": "19, 3",
    "Via1.boundary": "19, 4",
    "RES": "24, 0",
    "NWell": "31, 0",
    "NWell.drawing": "31, 1",
    "NWell.label": "31, 2",
    "NWell.pin": "31, 3",
    "NWell.net": "31, 4",
    "NWell.boundary": "31, 5",
    "nBuLay": "32, 0",
    "EmWind": "33, 0",
    "EmWind.drawing": "33, 0",
    "EmWind.OPC": "33, 1",
    "MIM": "36, 0",
    "Substrate": "40, 0",
    "Substrate.drawing": "40, 0",
    "Substrate.text": "40, 25",
    "ThickGateOx": "44, 0",
    "ThickGateOx.drawing": "44, 1",
    "HeatTrans": "51, 0",
    "TEXT": "63, 0",
    "TEXT.drawing": "63, 0",
    "Metal5": "67, 0",
    "Metal5.pin": "67, 2",
    "EXTBlock": "111, 0",
    "TopMetal1": "126, 0",
    "TopMetal1.pin": "126, 2",
    "PolyRes": "128, 0",
    "Vmim": "129, 0"
  }
}
