[
  {
    "viewType": "symbol"
  },
  {
    "snapGrid": [
      10,
      10
    ]
  },
  {
    "type": "line",
    "st": [
      -40,
      -20
    ],
    "end": [
      40,
      -20
    ],
    "loc": [
      0.0,
      0.0
    ],
    "ang": 0.0,
    "fl": [
      1.0,
      1.0
    ]
  },
  {
    "type": "line",
    "st": [
      0,
      -120
    ],
    "end": [
      0,
      -20
    ],
    "loc": [
      0.0,
      0.0
    ],
    "ang": 0.0,
    "fl": [
      1.0,
      1.0
    ]
  },
  {
    "type": "line",
    "st": [
      0,
      0
    ],
    "end": [
      0,
      120
    ],
    "loc": [
      0.0,
      0.0
    ],
    "ang": 0.0,
    "fl": [
      1.0,
      1.0
    ]
  },
  {
    "type": "arc",
    "st": [
      -30,
      10
    ],
    "end": [
      50,
      -20
    ],
    "loc": [
      -10.0,
      20.0
    ],
    "ang": 0.0,
    "fl": [
      1.0,
      1.0
    ]
  },
  {
    "type": "pin",
    "st": [
      0,
      120
    ],
    "nam": "c1",
    "pd": "Inout",
    "pt": "Signal",
    "loc": [
      0.0,
      0.0
    ],
    "ang": 0.0,
    "fl": [
      1.0,
      1.0
    ]
  },
  {
    "type": "pin",
    "st": [
      -120,
      0
    ],
    "nam": "bn",
    "pd": "Inout",
    "pt": "Signal",
    "loc": [
      60.0,
      0.0
    ],
    "ang": 0.0,
    "fl": [
      1.0,
      1.0
    ]
  },
  {
    "type": "pin",
    "st": [
      0,
      -120
    ],
    "nam": "c0",
    "pd": "Inout",
    "pt": "Signal",
    "loc": [
      0.0,
      0.0
    ],
    "ang": 0.0,
    "fl": [
      1.0,
      1.0
    ]
  },
  {
    "type": "label",
    "st": [
      40,
      -120
    ],
    "nam": "@instName",
    "def": "[@instName]",
    "txt": "[@instName]",
    "val": "",
    "vis": true,
    "lt": "NLPLabel",
    "ht": 16,
    "al": "Left",
    "or": "R0",
    "use": "Normal",
    "loc": [
      40.0,
      -120.0
    ],
    "fl": [
      1,
      1
    ]
  },
  {
    "type": "label",
    "st": [
      140,
      30
    ],
    "nam": "@wfeed",
    "def": "[@wfeed:wfeed=%:wfeed=5u]",
    "txt": "[@wfeed:wfeed=%:wfeed=5u]",
    "val": "",
    "vis": true,
    "lt": "NLPLabel",
    "ht": 12,
    "al": "Left",
    "or": "R0",
    "use": "Normal",
    "loc": [
      40.0,
      -70.0
    ],
    "fl": [
      1,
      1
    ]
  },
  {
    "type": "label",
    "st": [
      -10,
      -50
    ],
    "nam": "@modelName",
    "def": "[@modelName]",
    "txt": "[@modelName]",
    "val": "",
    "vis": true,
    "lt": "NLPLabel",
    "ht": 12,
    "al": "Left",
    "or": "R0",
    "use": "Normal",
    "loc": [
      -50.0,
      -50.0
    ],
    "fl": [
      1,
      1
    ]
  },
  {
    "type": "label",
    "st": [
      70,
      -40
    ],
    "nam": "@w",
    "def": "[@w:w=%:w=10u]",
    "txt": "[@w:w=%:w=10u]",
    "val": "",
    "vis": true,
    "lt": "NLPLabel",
    "ht": 12,
    "al": "Left",
    "or": "R0",
    "use": "Normal",
    "loc": [
      40.0,
      -110.0
    ],
    "fl": [
      1,
      1
    ]
  },
  {
    "type": "label",
    "st": [
      40,
      -80
    ],
    "nam": "@l",
    "def": "[@l:l=%:l=10u]",
    "txt": "[@l:l=%:l=10u]",
    "val": "",
    "vis": true,
    "lt": "NLPLabel",
    "ht": 12,
    "al": "Left",
    "or": "R0",
    "use": "Normal",
    "loc": [
      40.0,
      -90.0
    ],
    "fl": [
      1,
      1
    ]
  },
  {
    "type": "label",
    "st": [
      80,
      30
    ],
    "nam": "@C",
    "def": "C=C_parm",
    "txt": "C = C_parm",
    "val": "",
    "vis": true,
    "lt": "PyLabel",
    "ht": 12,
    "al": "Left",
    "or": "R0",
    "use": "Normal",
    "loc": [
      40.0,
      -20.0
    ],
    "fl": [
      1,
      1
    ]
  },
  {
    "type": "attr",
    "nam": "SpiceNetlistLine",
    "def": "%spiceprefix@instName %pinOrder %modelName w=@w l=@l wfeed=@wfeed"
  },
  {
    "type": "attr",
    "nam": "modelName",
    "def": "cap_rfcmim"
  },
  {
    "type": "attr",
    "nam": "spiceprefix",
    "def": "X"
  },
  {
    "type": "attr",
    "nam": "pinOrder",
    "def": "c0, c1, bn"
  }
]