[
  {
    "viewType": "symbol"
  },
  {
    "snapGrid": [
      10,
      10
    ]
  },
  {
    "type": "line",
    "st": [
      -40,
      -20
    ],
    "end": [
      40,
      -20
    ],
    "loc": [
      0.0,
      0.0
    ],
    "ang": 0.0,
    "fl": [
      1.0,
      1.0
    ]
  },
  {
    "type": "line",
    "st": [
      0,
      20
    ],
    "end": [
      0,
      120
    ],
    "loc": [
      0.0,
      0.0
    ],
    "ang": 0.0,
    "fl": [
      1.0,
      1.0
    ]
  },
  {
    "type": "line",
    "st": [
      0,
      -120
    ],
    "end": [
      0,
      -20
    ],
    "loc": [
      0.0,
      0.0
    ],
    "ang": 0.0,
    "fl": [
      1.0,
      1.0
    ]
  },
  {
    "type": "line",
    "st": [
      0,
      -20
    ],
    "end": [
      -40,
      20
    ],
    "loc": [
      0.0,
      0.0
    ],
    "ang": 0.0,
    "fl": [
      1.0,
      1.0
    ]
  },
  {
    "type": "line",
    "st": [
      -40,
      20
    ],
    "end": [
      40,
      20
    ],
    "loc": [
      0.0,
      0.0
    ],
    "ang": 0.0,
    "fl": [
      1.0,
      1.0
    ]
  },
  {
    "type": "line",
    "st": [
      40,
      20
    ],
    "end": [
      0,
      -20
    ],
    "loc": [
      0.0,
      0.0
    ],
    "ang": 0.0,
    "fl": [
      1.0,
      1.0
    ]
  },
  {
    "type": "pin",
    "st": [
      0,
      -120
    ],
    "nam": "vdd",
    "pd": "Inout",
    "pt": "Signal",
    "loc": [
      0.0,
      0.0
    ],
    "ang": 0.0,
    "fl": [
      1.0,
      1.0
    ]
  },
  {
    "type": "pin",
    "st": [
      0,
      120
    ],
    "nam": "vss",
    "pd": "Inout",
    "pt": "Signal",
    "loc": [
      0.0,
      0.0
    ],
    "ang": 0.0,
    "fl": [
      1.0,
      1.0
    ]
  },
  {
    "type": "label",
    "st": [
      70,
      -50
    ],
    "nam": "@m",
    "def": "[@m:m=%:m=1]",
    "txt": "[@m:m=%:m=1]",
    "val": "",
    "vis": true,
    "lt": "NLPLabel",
    "ht": "12",
    "al": "Left",
    "or": "R0",
    "use": "Normal",
    "loc": [
      30.0,
      -110.0
    ],
    "fl": [
      1,
      1
    ]
  },
  {
    "type": "label",
    "st": [
      70,
      -20
    ],
    "nam": "@modelName",
    "def": "[@modelName]",
    "txt": "[@modelName]",
    "val": "",
    "vis": true,
    "lt": "NLPLabel",
    "ht": "12",
    "al": "Left",
    "or": "R0",
    "use": "Normal",
    "loc": [
      -40.0,
      -40.0
    ],
    "fl": [
      1,
      1
    ]
  },
  {
    "type": "label",
    "st": [
      40,
      8
    ],
    "nam": "@[@instName]",
    "def": "[@instName]",
    "txt": "[@instName]",
    "val": "[@instName]",
    "vis": true,
    "lt": "Normal",
    "ht": 16,
    "al": "Left",
    "or": "R0",
    "use": "Normal",
    "loc": [
      30.0,
      -132.0
    ],
    "fl": [
      1,
      1
    ]
  },
  {
    "type": "attr",
    "nam": "SpiceNetlistLine",
    "def": "%spiceprefix@instName %pinOrder %modelName m=@m"
  },
  {
    "type": "attr",
    "nam": "modelName",
    "def": "nmoscl_2"
  },
  {
    "type": "attr",
    "nam": "spiceprefix",
    "def": "X"
  },
  {
    "type": "attr",
    "nam": "pinOrder",
    "def": "vss, vdd"
  }
]